{
  "numTotalTestSuites": 1,
  "numPassedTestSuites": 1,
  "numFailedTestSuites": 0,
  "numPendingTestSuites": 0,
  "numTotalTests": 3,
  "numPassedTests": 3,
  "numFailedTests": 0,
  "numPendingTests": 0,
  "numTodoTests": 0,
  "startTime": 1720008814357,
  "success": true,
  "testResults": [
    {
      "assertionResults": [
        {
          "ancestorTitles": [
            ""
          ],
          "fullName": " Gönderiler componenti render oluyor",
          "status": "passed",
          "title": "Gönderiler componenti render oluyor",
          "duration": 81,
          "failureMessages": []
        },
        {
          "ancestorTitles": [
            ""
          ],
          "fullName": " Arama Çubuğuna doğru proplar gönderiliyor ve search yapabiliyor.",
          "status": "passed",
          "title": "Arama Çubuğuna doğru proplar gönderiliyor ve search yapabiliyor.",
          "duration": 23,
          "failureMessages": []
        },
        {
          "ancestorTitles": [
            ""
          ],
          "fullName": " Gönderiler componentine doğru proplar gönderiliyor ve like yapabiliyor.",
          "status": "passed",
          "title": "Gönderiler componentine doğru proplar gönderiliyor ve like yapabiliyor.",
          "duration": 23,
          "failureMessages": []
        }
      ],
      "startTime": 1720008872763,
      "endTime": 1720008872890,
      "status": "passed",
      "message": "",
      "name": "/home/projects/vitejs-vite-ncuvxr/src/__tests__/index.test.jsx"
    }
  ]
}